COLOR,H,S,V,X,Y,Z,R,G,B
Red,0.004239587572921,0.463182368929494,0.723844764088663,2.9170583024441,2.30591262572427,1.96040436642291,0.659180309371312,0.2654060879112,0.245861359774773
Yellow,0.14902081890386,0.419335184216137,0.466431728744728,2.29781162068188,2.50980157517389,1.41344733885966,0.41348777476171,0.417723686513109,0.183503094693493
LightGreen,0.266666666666666,0.322580645161291,0.544348731541082,2.55796229384996,2.92770793202842,2.07136312978636,0.262868507418326,0.507479653625946,0.232537056461557
LightBlue,0.515151515151514,0.439999999999998,0.46462829736211,2.26768082392403,2.46457443467773,2.77716793714227,0.167695783580269,0.406120755306273,0.444167657718768
DarkGreen,0.366666666666664,0.416666666666668,0.545454545454544,2.66481976633434,3.04716313807905,2.44633763682231,0.254456130041356,0.497094687642933,0.319104306019226
Orange,0.028522615123922,0.558117360536718,0.650631335155144,2.79648311590256,2.33789955984845,1.68678667739094,0.596686387226559,0.284672123661181,0.194479379265949
Purple,0.647278183684846,0.218117112260361,0.399863681280112,2.09039789104955,2.00840468140404,2.35192004215028,0.328706417858012,0.333374689184069,0.407697161575564
Magenta,0.969309335489412,0.781378703332842,0.682364049118709,2.43271196338225,1.37647954991478,1.37879146790404,0.681406791164705,0.148670781724668,0.246974335250782